{"camera": 1.0, "camera lens": 0.38461538461538464, "digital camera": 0.9130434782608695, "cameras & optics": 0.868421052631579, "camera operator": 0.9166666666666666, "video camera": 0.8, "film camera": 0.8421052631578947, "reflex camera": 0.8571428571428571, "single-lens reflex camera": 1.0, "mirrorless interchangeable-lens camera": 1.0, "point-and-shoot camera": 1.0}